{"Nm":16,"Wedges":[0.015625,0.0771484375,0.138671875,0.26171875,0.5078125,0.75390625,1.0],"mmax":64.0,"mmin":1.0}