{"Nm":16,"Wedges":[0.015625,0.5078125,1.0],"mmax":64.0,"mmin":1.0}