{"Ttilde":[4.370957944710038,4.366586986765328,4.36549424727915,4.364401507792973,4.363308768306796,4.362216028820619,4.361123289334441,4.360030549848264,4.358937810362087,4.35784507087591,4.356752331389732,4.355659591903555,4.354566852417378,4.353474112931201,4.352381373445024,4.351288633958846,4.350195894472669,4.349103154986492,4.3480104155003145,4.346917676014137,4.3458249365279595,4.3447321970417825,4.343639457555605,4.3425467180694275,4.34145397858325,4.340361239097073,4.339268499610896,4.338175760124718,4.337083020638541,4.335990281152364,4.334897541666187,4.333804802180009,4.332712062693832,4.331619323207655,4.330526583721478,4.3294338442353,4.328341104749123,4.327248365262946,4.326155625776769,4.325062886290592,4.323970146804414,4.322877407318237,4.32178466783206,4.320691928345883,4.319599188859705,4.318506449373528,4.317413709887351,4.316320970401174,4.315228230914996,4.314135491428819,4.313042751942642,4.311950012456465,4.310857272970287,4.30976453348411,4.308671793997933,4.307579054511756,4.306486315025578,4.305393575539401,4.3043008360532236,4.3032080965670465,4.302115357080869,4.3010226175946915,4.2999298781085145,4.298837138622337,4.29774439913616,4.296651659649982,4.295558920163805,4.294466180677628,4.293373441191451,4.292280701705273,4.291187962219096,4.290095222732919,4.289002483246742,4.287909743760564,4.286817004274387,4.28572426478821,4.284631525302033,4.283538785815855,4.282446046329678,4.281353306843501,4.280260567357324,4.279167827871146,4.278075088384969,4.276982348898792,4.275889609412615,4.274796869926437,4.27370413044026,4.272611390954083,4.271518651467906],"Ttildec":4.370957944710038,"m":96.0,"rhotildeL":[0.000852939825930247,0.0010675476725228155,0.0010946306656828095,0.0011194359610914135,0.0011425151084498584,0.001164227310657485,0.0011848219557808373,0.001204480536320061,0.0012233399989039716,0.001241506685849796,0.0012590651241961204,0.0012760838143486054,0.001292619182543099,0.0013087183624055341,0.0013244212035162296,0.001339761754326183,0.0013547693783510406,0.0013694696087274158,0.0013838848123842707,0.0013980347132276209,0.0014119368092696746,0.0014256067088452206,0.0014390584043042418,0.001452304496826406,0.00146535638261778,0.0014782244082983025,0.0014909180014888715,0.00150344578126945,0.0015158156521742688,0.001528034884626568,0.0015401101841294835,0.001552047751076241,0.001563853332688749,0.001575532268315105,0.001587089529095622,0.0015985297528306338,0.0016098572747416159,0.0016210761547025506,0.0016321902014252367,0.0016432029940060097,0.0016541179011786559,0.0016649380985665004,0.001675666584183671,0.0016863061923996841,0.0016968596065515017,0.001707329370361976,0.001717717898302329,0.0017280274850183068,0.0017382603139243634,0.0017484184650572146,0.0017585039222689977,0.0017685185798308044,0.0017784642485092089,0.0017883426611714976,0.001798155477969362,0.0018079042911457591,0.001817590629505381,0.0018272159625855743,0.0018367817045616148,0.0018462892179178742,0.0018557398169146435,0.0018651347708791778,0.0018744753073489165,0.0018837626150949424,0.00189299784705455,0.0019021821232036028,0.001911316533402287,0.0019204021402522932,0.001929439982009932,0.0019384310756088462,0.0019473764198590356,0.0019562769989074306,0.001965133786071895,0.00197394774819929,0.001982719850755723,0.001991451063944192,0.0020001423702803336,0.002008794774274297,0.0020174093152282835,0.002025987084787056,0.0020345292520268636,0.002043037101105676,0.0020515120912193634,0.002059955959660159,0.0020683709185712173,0.002076760095028685,0.002085128836791619,0.0020935067123325846,0.0021018870848702642],"rhotildeV":[0.000852939825930247,0.0006639776151675292,0.0006432718335063964,0.0006248298754125499,0.0006081000929111975,0.0005927231842527084,0.0005784496618154383,0.000565097932705363,0.0005525309489207576,0.0005406422656454814,0.000529347252061856,0.0005185773025430594,0.0005082758840198428,0.0004983957542415504,0.0004888969530231619,0.00047974531913001414,0.00047091137387371337,0.00046236946633367373,0.0004540971089505861,0.0004460744540924907,0.0004382838766611558,0.0004307096375946543,0.0004233376098757247,0.00041615505339868215,0.0004091504284327952,0.0004023132398716482,0.00039563390625749694,0.0003891036489068383,0.0003827143974684596,0.0003764587090085994,0.0003703296983033119,0.0003643209774712211,0.0003584266034334524,0.00035264103196563516,0.00034695907732719097,0.0003413758766288209,0.00033588685824008856,0.0003304877136527401,0.0003251743723076326,0.0003199429789682405,0.0003147898732850637,0.0003097115712455105,0.00030470474824501373,0.00029976622354887833,0.0002948929459418869,0.00029008198038499706,0.00028533049551628884,0.0002806357518472331,0.0002759950905157594,0.00027140592246477683,0.00026686571791888783,0.0002623719960330534,0.00025792231458481317,0.0002535142595760854,0.0002491454346011582,0.00024481344982362223,0.0002405159103858242,0.00023625040404875176,0.00023201448782646881,0.00022780567333510691,0.0002236214105189787,0.00021945906934150495,0.00021531591893066292,0.00021118910353967973,0.00020707561451259308,0.00020297225721526208,0.00019887561158258256,0.0001947819845086093,0.0001906873517182339,0.0001865872859316841,0.0001824768669501389,0.0001783505675689861,0.00017420210666920495,0.00017002425695795755,0.0001658085887935861,0.0001615451218716541,0.00015722184059035153,0.00015282400155650376,0.00014833311273863478,0.00014372537161534398,0.0001389691652898385,0.0001340208380713487,0.0001288169906259239,0.00012325905293578457,0.00011717786474193385,0.00011023311422930624,0.00010148725005179585,8.030076520136125e-05,9.97757904337281e-05],"rhotildec":0.000852939825930247}