{"Ttilde":[4.347585626763841,4.343238041137077,4.342151144730387,4.341064248323696,4.339977351917005,4.338890455510315,4.337803559103624,4.336716662696933,4.335629766290243,4.334542869883552,4.333455973476862,4.332369077070171,4.33128218066348,4.3301952842567895,4.329108387850098,4.328021491443407,4.326934595036717,4.325847698630026,4.324760802223335,4.323673905816645,4.322587009409954,4.321500113003264,4.320413216596573,4.319326320189882,4.318239423783192,4.317152527376501,4.31606563096981,4.31497873456312,4.313891838156429,4.312804941749738,4.3117180453430475,4.3106311489363565,4.309544252529665,4.308457356122975,4.307370459716284,4.306283563309594,4.305196666902903,4.304109770496212,4.303022874089522,4.301935977682831,4.30084908127614,4.29976218486945,4.298675288462759,4.297588392056068,4.296501495649378,4.295414599242687,4.2943277028359965,4.2932408064293055,4.2921539100226145,4.291067013615924,4.289980117209233,4.288893220802542,4.287806324395852,4.286719427989161,4.28563253158247,4.28454563517578,4.283458738769089,4.282371842362398,4.281284945955708,4.280198049549017,4.279111153142327,4.278024256735636,4.276937360328945,4.2758504639222545,4.2747635675155635,4.2736766711088725,4.272589774702182,4.271502878295491,4.2704159818888,4.26932908548211,4.268242189075419,4.267155292668729,4.266068396262038,4.264981499855347,4.263894603448657,4.262807707041966,4.261720810635275,4.260633914228585,4.259547017821894,4.258460121415203,4.257373225008513,4.2562863286018215,4.2551994321951305,4.25411253578844,4.253025639381749,4.251938742975059,4.250851846568368,4.249764950161677,4.248678053754987,4.247591157348296,4.246504260941605,4.245417364534915,4.244330468128224,4.243243571721533,4.242156675314843],"Ttildec":4.347585626763841,"m":90.0,"rhotildeL":[0.0009469180929085391,0.0011820068182488968,0.0012116073502950243,0.0012387037655128025,0.0012639016825734277,0.001287595567474548,0.0013100593268856981,0.0013314923240538177,0.0013520450115683009,0.0013718342367845051,0.001390952891098064,0.0014094762654481387,0.001427466390020926,0.0014449750884656658,0.001462046183440014,0.0014787171250270708,0.0014950202165003395,0.0015109835528069621,0.001526631749998407,0.0015419865198450559,0.0015570671279881495,0.0015718907632360168,0.001586472838196346,0.0016008272362283272,0.0016149665159815054,0.0016289020820961038,0.00164264432866347,0.0016562027605766887,0.0016695860967974984,0.0016828023587270513,0.001695858946224768,0.0017087627033215316,0.001721519975284668,0.0017341366583861707,0.001746618243483045,0.0017589698543249348,0.0017711962813485402,0.001783302011592439,0.0017952912552635127,0.0018071679694024302,0.0018189358790267566,0.0018305984960733357,0.0018421591364143508,0.001853620935182057,0.001864986860604161,0.0018762597265240813,0.0018874422037568912,0.0018985368304118904,0.001909546021295886,0.001920472076496875,0.0019313171892354976,0.0019420834530611045,0.0019527728684601603,0.0019633873489369245,0.0019739287266195703,0.001984398757439073,0.001994799125923145,0.002005131449643131,0.0020153972833479865,0.002025598122816213,0.002035735408453836,0.0020458105286641206,0.0020558248230127187,0.002065779585210317,0.0020756760659335215,0.0020855154755037575,0.002095298986443332,0.002105027735927529,0.0021147028281517425,0.002124325336633244,0.002133896306468323,0.0021434167565673383,0.002152887681892905,0.0021623100557302153,0.0021716848320237577,0.002181012947821984,0.0021902953258815423,0.0021995328774967148,0.002208726505639406,0.0022178771085230834,0.0022269855837447265,0.0022360528332188412,0.0022450797692082796,0.002254067321897261,0.0022630164491771357,0.0022719281496888393,0.002280803480812574,0.0022896435844732277,0.0022984497259144403,0.0023072233553832846,0.002315966213773321,0.002324680532805645,0.002333369476271295,0.0023420384059887394,0.0023507013458080967],"rhotildeV":[0.0009469180929085391,0.0007393259327752675,0.0007165581019984014,0.0006962776889947596,0.0006778790134822559,0.0006609675476240466,0.0006452693225674126,0.0006305849124188489,0.0006167638013556427,0.0006036890780747363,0.0005912677863862208,0.0005794245695729919,0.0005680973305448874,0.0005572341774746748,0.0005467912180985895,0.0005367309311386761,0.0005270209403701515,0.0005176330759628934,0.0005085426448672839,0.0004997278560073105,0.0004911693619267545,0.0004828498892807674,0.0004747539379802326,0.00046686753400415577,0.00045917802461223556,0.0004516739073817391,0.0004443446864688182,0.00043718075096287984,0.00043017327130640546,0.0004233141105910554,0.0004165957481840251,0.00041001121363642783,0.0004035540292140783,0.00039721815969679693,0.0003909979683346819,0.0003848881780431972,0.00037888383707425453,0.00037298028852597473,0.0003671731431557889,0.0003614582550448068,0.00035583169972969533,0.00035028975447458566,0.0003448288804020464,0.00033944570624072965,0.0003341370134793346,0.0003288997227431715,0.00032373088123174447,0.00031862765107412857,0.00031358729847403747,0.00030860718352884454,0.00030368475061674246,0.00029881751925399196,0.0002940030753299966,0.00028923906263186714,0.000284523174572273,0.0002798531460347074,0.0002752267452487507,0.0002706417656043672,0.00026609601730847736,0.00026158731877870176,0.00025711348765781507,0.00025267233131748165,0.0002482616367004649,0.00024387915932563535,0.00023952261124833416,0.00023518964772807383,0.00023087785230363695,0.00022658471990892959,0.00022230763757677107,0.00021804386216572302,0.00021379049439813232,0.00020954444830320867,0.00020530241489930646,0.0002010608185988286,0.0001968157643395977,0.00019256297278203056,0.00018829769997714846,0.00018401463657550387,0.00017970777970551113,0.00017537026776956864,0.0001709941640392486,0.0001665701681438321,0.0001620872237011579,0.00015753197245166727,0.00015288797465775388,0.00014813456092468497,0.0001432450781623465,0.0001381840883938343,0.00013290264195188229,0.0001273297196191459,0.0001213552187972641,0.0001147913720861185,0.0001072656487684749,9.779039156567987e-05,7.930483696348239e-05],"rhotildec":0.0009469180929085391}