{"Ttilde":[4.339362672820955,4.335023310148134,4.333938469479929,4.332853628811723,4.331768788143518,4.330683947475312,4.329599106807106,4.328514266138901,4.3274294254706955,4.32634458480249,4.325259744134285,4.324174903466079,4.323090062797873,4.322005222129668,4.3209203814614625,4.319835540793257,4.318750700125052,4.317665859456846,4.31658101878864,4.315496178120435,4.3144113374522295,4.313326496784024,4.312241656115819,4.311156815447613,4.310071974779407,4.308987134111202,4.3079022934429965,4.306817452774791,4.305732612106585,4.30464777143838,4.303562930770174,4.302478090101968,4.3013932494337634,4.300308408765558,4.299223568097352,4.298138727429147,4.297053886760941,4.295969046092735,4.29488420542453,4.293799364756325,4.292714524088119,4.291629683419914,4.290544842751708,4.289460002083502,4.288375161415297,4.287290320747092,4.286205480078886,4.285120639410681,4.284035798742475,4.282950958074269,4.281866117406064,4.280781276737859,4.279696436069653,4.278611595401447,4.277526754733242,4.276441914065036,4.2753570733968305,4.2742722327286256,4.27318739206042,4.272102551392214,4.271017710724009,4.269932870055803,4.268848029387597,4.2677631887193925,4.266678348051187,4.265593507382981,4.264508666714776,4.26342382604657,4.262338985378364,4.2612541447101595,4.260169304041954,4.259084463373748,4.257999622705543,4.256914782037337,4.255829941369131,4.2547451007009265,4.253660260032721,4.252575419364515,4.251490578696309,4.250405738028104,4.249320897359898,4.248236056691693,4.247151216023488,4.246066375355282,4.244981534687076,4.243896694018871,4.242811853350665,4.2417270126824596,4.240642172014255,4.239557331346049,4.238472490677843,4.237387650009638,4.236302809341432,4.2352179686732265,4.234133128005022,4.233048287336816,4.23196344666861,4.230878606000405],"Ttildec":4.339362672820955,"m":88.0,"rhotildeL":[0.000982000153034902,0.0012246202513504514,0.0012551434152163255,0.0012830788507215826,0.001309052130440908,0.0013334707364234329,0.0013566176271869587,0.0013786987648632897,0.0013998695902311272,0.0014202508313244126,0.0014399384701035845,0.0014590103071207652,0.0014775304441179875,0.0014955524388617712,0.00151312158338533,0.0015302765861069363,0.0015470508380380622,0.0015634733822466524,0.0015795696673788408,0.001595362141260784,0.0016108707241969263,0.0016261131904809244,0.001641105478976253,0.0016558619482441846,0.001670395587857426,0.001684718194756973,0.0016988405214685177,0.001712772401477749,0.0017265228559235752,0.0017401001849020707,0.0017535120460094162,0.0017667655222376902,0.0017798671809357194,0.0017928231252311187,0.001805639039059044,0.001818320226743087,0.0018308716479129186,0.0018432979484132503,0.001855603487752872,0.001867792363556001,0.001879868433407014,0.0018918353344208364,0.0019036965008224268,0.0019154551797780912,0.001927114445687244,0.001938677213114548,0.0019501462485181636,0.001961524180909304,0.0019728135115608587,0.001984016622867958,0.00199513578645063,0.0020061731705777503,0.0020171308469821036,0.002028010797128257,0.0020388149179879135,0.0020495450273713806,0.0020602028688584723,0.0020707901163676268,0.00208130837839802,0.0020917592019760217,0.0021021440763343427,0.002112464436349619,0.002122721665761995,0.0021329171001983256,0.0021430520300190596,0.002153127703007547,0.0021631453269194837,0.0021731060719094443,0.002183011072850981,0.0021928614315665927,0.002202658218984006,0.002212402477235771,0.0022220952217201317,0.0022317374431427136,0.002241330109560781,0.0022508741684549916,0.0022603705488579142,0.0022698201635745147,0.0022792239115379752,0.0022885826803554074,0.00229789734911359,0.002307168791536726,0.0023163978796193613,0.0023255854879028677,0.0023347324986308085,0.0023438398081200725,0.0023529083348428296,0.0023619390299687015,0.002370932891540855,0.0023798909841989883,0.0023888144677190327,0.002397704640293257,0.002406563008095155,0.002415391405871063,0.0024241922289542413,0.00243296895544439,0.0024417276949076317,0.0024504887904976216],"rhotildeV":[0.000982000153034902,0.0007675237866733738,0.0007439924511372675,0.0007230311090810844,0.0007040141414103796,0.0006865340193776998,0.0006703077374766246,0.0006551292861816597,0.0006408431767973011,0.0006273286327281477,0.0006144896226823156,0.0006022482958768665,0.0005905404993058242,0.0005793126227671325,0.0005685193204769069,0.0005581218288020704,0.0005480866998973162,0.00053838483208058,0.000528990716143219,0.0005198818415726613,0.0005110382230706313,0.000502442018850076,0.0004940772198530589,0.00048592939441117713,0.00047798547670937363,0.000470233590194674,0.0004626628991125192,0.0004552634828702614,0.00044802622906759467,0.00044094274189981523,0.0004340052633041917,0.00042720660473401174,0.000420540087846346,0.00041399949270547545,0.00040757901235433374,0.00040127321280618186,0.00039507699766929896,0.0003889855767472343,0.00038299443806263873,0.0003770993228388652,0.0003712962030442689,0.00036558126116247584,0.00035995087190017315,0.00035440158558409126,0.0003489301130322538,0.0003435333117124605,0.0003382081730242662,0.000332951810560184,0.00032776144921807125,0.00032263441505012646,0.000317568125745035,0.0003125600816488191,0.00030760785723713636,0.0003027090929572821,0.00029786148736210213,0.0002930627894604952,0.00028831079121018326,0.0002836033200779291,0.0002789382315903084,0.00027431340179434236,0.00026972671954157045,0.00026517607850118537,0.0002606593687972723,0.00025617446815145805,0.00025171923239468365,0.0002472914851894427,0.00024288900677546207,0.00023850952151582527,0.00023415068397480843,0.00022981006320033719,0.0002254851248090863,0.00022117321037553765,0.00021687151350048038,0.00021257705176932264,0.00020828663359188538,0.00020399681862266362,0.0001997038700643955,0.00019540369661492064,0.00019109178106326295,0.00018676309147781656,0.0001824119694061416,0.00017803198728319258,0.0001736157639363384,0.00016915472204002198,0.000164638763514989,0.00016005582625384034,0.00015539126464723187,0.00015062696042390003,0.00014574000574506295,0.00014070067851104754,0.00013546918494691405,0.00012999011486735336,0.0001241822968920972,0.00011791836394920007,0.00011097761710633663,0.00010291199339490425,9.248542917958662e-05,5.944714760989899e-05],"rhotildec":0.000982000153034902}