{"1/m":[1.0,0.5,0.3333333333333333,0.25,0.2,0.16666666666666666,0.14285714285714285,0.125,0.1111111111111111,0.1,0.09090909090909091,0.08333333333333333,0.07692307692307693,0.07142857142857142,0.06666666666666667,0.0625,0.058823529411764705,0.05555555555555555,0.05263157894736842,0.05,0.047619047619047616,0.045454545454545456,0.043478260869565216,0.041666666666666664,0.04,0.038461538461538464,0.037037037037037035,0.03571428571428571,0.034482758620689655,0.03333333333333333,0.03225806451612903,0.03125,0.030303030303030304,0.029411764705882353,0.02857142857142857,0.027777777777777776,0.02702702702702703,0.02631578947368421,0.02564102564102564,0.025,0.024390243902439025,0.023809523809523808,0.023255813953488372,0.022727272727272728,0.022222222222222223,0.021739130434782608,0.02127659574468085,0.020833333333333332,0.02040816326530612,0.02,0.0196078431372549,0.019230769230769232,0.018867924528301886,0.018518518518518517,0.01818181818181818,0.017857142857142856,0.017543859649122806,0.017241379310344827,0.01694915254237288,0.016666666666666666,0.01639344262295082,0.016129032258064516,0.015873015873015872,0.015625,0.015384615384615385,0.015151515151515152,0.014925373134328358,0.014705882352941176,0.014492753623188406,0.014285714285714285,0.014084507042253521,0.013888888888888888,0.0136986301369863,0.013513513513513514,0.013333333333333334,0.013157894736842105,0.012987012987012988,0.01282051282051282,0.012658227848101266,0.0125,0.012345679012345678,0.012195121951219513,0.012048192771084338,0.011904761904761904,0.011764705882352941,0.011627906976744186,0.011494252873563218,0.011363636363636364,0.011235955056179775,0.011111111111111112,0.01098901098901099,0.010869565217391304,0.010752688172043012,0.010638297872340425,0.010526315789473684,0.010416666666666666,0.010309278350515464,0.01020408163265306,0.010101010101010102,0.01],"Ttilde":[1.2757487255208226,1.8017162633513653,2.175528276477068,2.444988341470497,2.648680568622259,2.808925051784795,2.9389922364559693,3.0471959596047298,3.1390047035664645,3.21816756325551,3.2873457229461693,3.3484841932119163,3.4030402726706086,3.4521293213025963,3.496620854035261,3.537203711397759,3.574431373673487,3.6087541692775353,3.6405426194486967,3.6701046564356643,3.6976985236945534,3.723542578790449,3.7478228389726898,3.7706988576197444,3.7923083500666155,3.8127708709727863,3.83219076432703,3.850659549880195,3.8682578687374702,3.8850570810529605,3.901120586906041,3.9165049252188022,3.9312606934189533,3.9454333213580175,3.959063725977852,3.972188867819523,3.9848422262821,3.997054207268091,4.008852494280241,4.020262351997541,4.031306889736061,4.042007290900223,4.05238301348249,4.062451965821106,4.072230661134691,4.081734353787246,4.09097715977293,4.0999721635266,4.108731512848195,4.1172665034647995,4.1255876545332395,4.133704776200795,4.141627030185592,4.1493629842066975,4.156920660982329,4.1643075824195845,4.171530809538471,4.178596978603642,4.185512333877928,4.192282757360834,4.198913795831063,4.20541068547388,4.211778374341627,4.218021542866322,4.224144622618972,4.230151813487839,4.2360470994291815,4.241834262927153,4.247516898284694,4.253098423854455,4.258582093307362,4.2639710060262335,4.269268116702968,4.274476244210009,4.279598079809486,4.284636194757541,4.28959304735535,4.29447098949379,4.2992722727338695,4.30399905396139,4.308653400650466,4.313237295767589,4.317752642344771,4.32220126774796,4.326584927664519,4.330905309831316,4.335164037523358,4.339362672820953,4.343502719671868,4.34758562676385,4.351612790220986,4.3555855561370524,4.359505222957079,4.363373043718233,4.367190228159607,4.370957944710043,4.374677322362444,4.378349452442183,4.381975390276601,4.385556156772481],"rhotilde":[0.282388622346381,0.13514645113366866,0.0893618440687451,0.0654985144713164,0.05097526956278976,0.04129645894494343,0.03443186573375251,0.029336144510607884,0.02541935745521701,0.0223248087756345,0.019824873791396514,0.017767849079033157,0.016048954394578943,0.014593622775770393,0.01334742355789263,0.012269747102973955,0.011329714346346902,0.010503450560401938,0.009772222317115239,0.009121135901871972,0.008538209934955172,0.008013702889322991,0.007539617657611626,0.00710933128240023,0.006717314594991224,0.006358917385687169,0.006030201978784268,0.0057278130020750415,0.005448874527906166,0.005190908130769632,0.004951767084197577,0.004729583123474521,0.004522723074398357,0.004329753289382758,0.004149410307346147,0.003980576509341302,0.003822259810269293,0.00367357663131556,0.0035337375545066627,0.003402035181943594,0.0032778338165986003,0.003160560655465673,0.003049698244153815,0.0029447779882488295,0.0028453745536730895,0.0027511010178739056,0.0026616046575426355,0.00257656327791623,0.0024956820044629378,0.0024186904706444317,0.0023453403460260763,0.0022754031577429295,0.0022086683655559622,0.002144941656745204,0.002084043432096096,0.0020258074584367726,0.001970079666701597,0.0019167170774707263,0.001865586838438995,0.0018165653603968053,0.0017695375401085925,0.0017243960600149039,0.0016810407559988657,0.0016393780455808025,0.0015993204098747296,0.0015607859234674879,0.0015236978271008126,0.0014879841386542492,0.0014535772984643725,0.001420413845480391,0.0013884341211611421,0.0013575819983715448,0.0013278046328436112,0.0012990522350382536,0.0012712778604785473,0.001244437216832674,0.0012184884862083175,0.001193392161280133,0.0011691108940136115,0.0011456093558753126,0.0011228541085293816,0.0011008134841205392,0.0010794574743296062,0.001058757627467709,0.0010386869529438304,0.0010192198325033497,0.0010003319376899625,0.0009820001530348968,0.0009642025045207785,0.0009469180929085751,0.0009301270315514602,0.0009138103883538004,0.0008979501315609224,0.000882529079093367,0.0008675308511630222,0.0008529398259302522,0.0008387410979812365,0.0008249204394226487,0.0008114642634067111,0.0007983595899158262]}