{"Ttilde":[4.3555855561370524,4.351229970580915,4.350141074191881,4.3490521778028475,4.347963281413813,4.346874385024779,4.3457854886357445,4.344696592246711,4.343607695857677,4.3425187994686425,4.341429903079609,4.340341006690575,4.3392521103015405,4.338163213912506,4.337074317523473,4.335985421134438,4.334896524745404,4.333807628356371,4.332718731967336,4.331629835578302,4.330540939189268,4.329452042800234,4.3283631464112,4.327274250022166,4.326185353633132,4.325096457244098,4.324007560855064,4.322918664466029,4.321829768076996,4.320740871687962,4.319651975298927,4.318563078909893,4.31747418252086,4.316385286131825,4.315296389742791,4.3142074933537575,4.313118596964723,4.312029700575689,4.310940804186655,4.309851907797621,4.308763011408587,4.3076741150195526,4.306585218630519,4.305496322241485,4.3044074258524505,4.303318529463416,4.302229633074383,4.3011407366853485,4.300051840296314,4.298962943907281,4.297874047518246,4.296785151129212,4.295696254740178,4.294607358351144,4.29351846196211,4.292429565573076,4.2913406691840414,4.290251772795008,4.289162876405974,4.288073980016939,4.286985083627906,4.285896187238872,4.284807290849837,4.283718394460803,4.28262949807177,4.281540601682735,4.280451705293701,4.279362808904668,4.278273912515633,4.277185016126599,4.276096119737565,4.275007223348531,4.273918326959497,4.272829430570463,4.271740534181429,4.270651637792395,4.269562741403361,4.268473845014326,4.267384948625293,4.2662960522362585,4.265207155847224,4.26411825945819,4.2630293630691565,4.261940466680122,4.260851570291088,4.259762673902054,4.25867377751302,4.257584881123986,4.2564959847349515,4.255407088345918,4.254318191956884,4.2532292955678495,4.252140399178816],"Ttildec":4.3555855561370524,"m":92.0,"rhotildeL":[0.0009138103883538016,0.0011417349699920894,0.0011704563023878108,0.0011967528805543553,0.001221211377638053,0.0012442139025086079,0.0012660257690645463,0.0012868400769746368,0.001306802544598878,0.0013260263365863813,0.0013446014117580113,0.0013626006800012832,0.001380084206293464,0.001397102169382065,0.0014136969983082083,0.001429904949838692,0.0014457572958348809,0.001461281232325115,0.0014765005860655255,0.001491436371130549,0.0015061072326875008,0.001520529804698746,0.001534719001111559,0.0015486882550506088,0.0015624497169272296,0.001576014419771751,0.001589392418180858,0.001602592905849312,0.0016156243155859948,0.0016284944049018957,0.0016412103296345264,0.0016537787075908328,0.0016662056738140623,0.0016784969287836548,0.0016906577806222256,0.0017026931821961056,0.001714607763845109,0.001726405862355265,0.0017380915466890577,0.0017496686409066054,0.0017611407446444733,0.0017725112514637305,0.00178378336533306,0.0017949601154745951,0.0018060443697681878,0.0018170388468829364,0.001827946127282129,0.001838768663228549,0.0018495087879007556,0.001860168723717052,0.001870750589951942,0.001881256409719687,0.0018916881163908218,0.0019020475594999403,0.0019123365101965818,0.001922556666285447,0.0019327096568973478,0.0019427970468281583,0.0019528203405794647,0.0019627809861316008,0.0019726803784772015,0.00198251986294129,0.001992300738312232,0.0020020242598066014,0.0020116916418901087,0.0020213040609762985,0.0020308626580247493,0.0020403685410610314,0.002049822787641889,0.002059226447291058,0.0020685805439340935,0.0020778860783648204,0.002087144030782003,0.002096355363443153,0.0021055210234940543,0.0021146419460489115,0.0021237190576192306,0.0021327532800229287,0.0021417455349540594,0.002150696749466685,0.0021596078627385933,0.0021684798346574955,0.0021773136570611543,0.0021861103689532206,0.002194871077889327,0.0022035969913728067,0.002212289465426592,0.0022209500848731347,0.0022295808082327673,0.0022381842644614578,0.0022467644980972822,0.0022553298449645128,0.0022638381120144123],"rhotildeV":[0.0009138103883538016,0.0007127499790316851,0.0006907057910174972,0.0006710706478065361,0.0006532578010460934,0.0006368850663453081,0.0006216870538501153,0.0006074705873778134,0.0005940898713673427,0.0005814316631476291,0.0005694059249157691,0.0005579396666971709,0.0005469727421712821,0.0005364548898332594,0.0005263435963055991,0.0005166025187333538,0.0005072002972342231,0.0004981096456361719,0.0004893066447169845,0.0004807701854036882,0.0004724815247766446,0.00046442392813383904,0.00045658237755427113,0.0004489433324443911,0.00044149453115220556,0.000434224825341432,0.0004271240407322539,0.0004201828592377163,0.0004133927185940002,0.00040674572639496205,0.0004002345860642586,0.00039385253278053755,0.0003875932777475279,0.00038145095949694807,0.000375420101146794,0.00036949557272479767,0.0003636725578171891,0.00035794652392432595,0.0003523131960033671,0.0003467685327586392,0.0003413087053062962,0.0003359300778941302,0.00033062919040215567,0.00032540274238660084,0.0003202475784605636,0.00031516067482991307,0.000310139126823891,0.00030518013727696546,0.0003002810056323432,0.0002954391176485499,0.00029065193559895324,0.000285916988860225,0.0002812318647896603,0.0002765941997930231,0.0002720016704841469,0.0002674519848347636,0.0002629428732077459,0.0002584720791587991,0.0002540373498801612,0.0002496364261444185,0.00024526703158624384,0.00024092686113355797,0.00023661356836572413,0.0002323247515328243,0.0002280579379139879,0.0002238105661203063,0.00021957996585378974,0.00021536333451080745,0.00021115770985629488,0.0002069599377792677,0.00020276663385015992,0.00019857413700611815,0.00019437845314723733,0.00019017518566818542,0.000185959448873891,0.0001817257586761593,0.0001774678926870671,0.00017317870840118698,0.0001688499028977711,0.00016447168919414033,0.0001600323508892481,0.0001555176140382939,0.00015090973546845072,0.00014618613389013753,0.00014131724895904266,0.00013626302079943907,0.00013096672327701623,0.00012534323198500386,0.00011925402951523049,0.00011244428635441916,0.00010433341595513593,9.267905231228991e-05,8.19712368600222e-05],"rhotildec":0.0009138103883538016}