{"1/m":[1.0,0.5,0.3333333333333333,0.25,0.2,0.16666666666666666,0.14285714285714285,0.125,0.1111111111111111,0.1,0.09090909090909091,0.08333333333333333,0.07692307692307693,0.07142857142857142,0.06666666666666667,0.0625,0.058823529411764705,0.05555555555555555,0.05263157894736842,0.05,0.047619047619047616,0.045454545454545456,0.043478260869565216,0.041666666666666664,0.04,0.038461538461538464,0.037037037037037035,0.03571428571428571,0.034482758620689655,0.03333333333333333,0.03225806451612903,0.03125,0.030303030303030304,0.029411764705882353,0.02857142857142857,0.027777777777777776,0.02702702702702703,0.02631578947368421,0.02564102564102564,0.025,0.024390243902439025,0.023809523809523808,0.023255813953488372,0.022727272727272728,0.022222222222222223,0.021739130434782608,0.02127659574468085,0.020833333333333332,0.02040816326530612,0.02,0.0196078431372549,0.019230769230769232,0.018867924528301886,0.018518518518518517,0.01818181818181818,0.017857142857142856,0.017543859649122806,0.017241379310344827,0.01694915254237288,0.016666666666666666,0.01639344262295082,0.016129032258064516,0.015873015873015872,0.015625,0.015384615384615385,0.015151515151515152,0.014925373134328358,0.014705882352941176,0.014492753623188406,0.014285714285714285,0.014084507042253521,0.013888888888888888,0.0136986301369863,0.013513513513513514,0.013333333333333334,0.013157894736842105,0.012987012987012988,0.01282051282051282,0.012658227848101266,0.0125,0.012345679012345678,0.012195121951219513,0.012048192771084338,0.011904761904761904,0.011764705882352941,0.011627906976744186,0.011494252873563218,0.011363636363636364,0.011235955056179775,0.011111111111111112,0.01098901098901099,0.010869565217391304,0.010752688172043012,0.010638297872340425,0.010526315789473684,0.010416666666666666,0.010309278350515464,0.01020408163265306,0.010101010101010102,0.01],"Ttilde":[1.2757487255208226,1.8017162633513653,2.175528276477068,2.444988341470497,2.648680568622259,2.808925051784795,2.9389922364559693,3.0471959596047298,3.1390047035664645,3.21816756325551,3.2873457229461693,3.3484841932119163,3.4030402726706086,3.4521293213025963,3.496620854035261,3.537203711397759,3.574431373673487,3.6087541692775353,3.6405426194486967,3.6701046564356625,3.697698523694555,3.723542578790455,3.7478228389726853,3.770698857619742,3.792308350066614,3.8127708709727908,3.832190764327028,3.8506595498801994,3.868257868737469,3.8850570810529605,3.901120586906042,3.9165049252187965,3.931260693418949,3.9454333213580175,3.959063725977846,3.97218886781952,3.9848422262820975,3.9970542072680892,4.008852494280241,4.02026235199754,4.031306889736067,4.042007290900223,4.052383013482486,4.062451965821115,4.0722306611346974,4.081734353787241,4.090977159772929,4.099972163526607,4.108731512848199,4.117266503464802,4.125587654533233,4.133704776200793,4.141627030185588,4.149362984206698,4.156920660982327,4.1643075824195845,4.171530809538471,4.17859697860364,4.1855123338779245,4.192282757360839,4.198913795831053,4.205410685473876,4.211778374341629,4.218021542866332,4.224144622618974,4.230151813487842,4.2360470994291815,4.241834262927152,4.247516898284689,4.25309842385445,4.258582093307367,4.263971006026232,4.269268116702968,4.27447624421001,4.279598079809488,4.28463619475754,4.289593047355353,4.294470989493792,4.299272272733875,4.303999053961388,4.308653400650466,4.313237295767591,4.317752642344772,4.322201267747962,4.3265849276645145,4.330905309831314,4.335164037523361,4.339362672820947,4.34350271967187,4.347585626763848,4.351612790220996,4.355585556137057,4.35950522295708,4.3633730437182345,4.367190228159602,4.370957944710035,4.374677322362445,4.378349452442183,4.381975390276611,4.3855561567724735],"rhotilde":[0.282388622346381,0.13514645113366866,0.0893618440687451,0.0654985144713164,0.05097526956278976,0.04129645894494343,0.03443186573375251,0.029336144510607884,0.02541935745521701,0.0223248087756345,0.019824873791396514,0.017767849079033157,0.016048954394578943,0.014593622775770393,0.01334742355789263,0.012269747102973955,0.011329714346346902,0.010503450560401938,0.009772222317115239,0.009121135901871961,0.008538209934955228,0.008013702889323024,0.007539617657611561,0.007109331282400194,0.006717314594991282,0.006358917385687108,0.006030201978784276,0.005727813002075091,0.0054488745279061045,0.005190908130769687,0.004951767084197614,0.004729583123474529,0.004522723074398315,0.004329753289382696,0.004149410307346021,0.003980576509341306,0.003822259810269241,0.003673576631315629,0.003533737554506619,0.0034020351819436627,0.003277833816598637,0.0031605606554656173,0.003049698244153817,0.002944777988248816,0.002845374553673088,0.002751101017873954,0.0026616046575426906,0.002576563277916196,0.0024956820044629326,0.0024186904706444525,0.0023453403460260754,0.0022754031577429247,0.0022086683655560204,0.002144941656745156,0.002084043432096127,0.0020258074584368043,0.001970079666701638,0.0019167170774706801,0.001865586838438984,0.0018165653603967951,0.001769537540108538,0.0017243960600149474,0.0016810407559988937,0.001639378045580819,0.0015993204098747518,0.001560785923467516,0.0015236978271008024,0.001487984138654191,0.001453577298464294,0.0014204138454803597,0.001388434121161195,0.001357581998371574,0.0013278046328435774,0.0012990522350382892,0.0012712778604785132,0.0012444372168326392,0.001218488486208286,0.001193392161280094,0.0011691108940136154,0.001145609355875309,0.0011228541085293866,0.0011008134841205576,0.0010794574743296054,0.0010587576274677171,0.0010386869529438515,0.001019219832503347,0.0010003319376899393,0.0009820001530348847,0.0009642025045207712,0.0009469180929086194,0.0009301270315514488,0.0009138103883538104,0.000897950131560925,0.0008825290790933557,0.0008675308511630304,0.0008529398259302553,0.000838741097981226,0.0008249204394226061,0.0008114642634067378,0.000798359589915797]}